2.459999755859375000e+03,5.410181920768440678e-03
2.460500000000000000e+03,2.283022022551934715e-03
2.461000000000000000e+03,-7.960864769331871108e-05
2.461500000000000000e+03,-1.218012780348613072e-03
2.462000000000000000e+03,-4.023181173193498655e-05
2.462500000000000000e+03,-3.235732254019347610e-06
2.463000000000000000e+03,1.110515383150923629e-04
2.463500000000000000e+03,-6.134616187512994786e-04
2.464000000000000000e+03,-3.163703891380252511e-04
2.464500000000000000e+03,-9.627448571153638963e-04
2.465000000000000000e+03,8.395922761673102735e-04
2.465500000000000000e+03,1.387306488307530521e-03
2.466000000000000000e+03,2.479037941285470049e-03
2.466500000000000000e+03,3.294677724080502350e-03
2.467000000000000000e+03,8.011354000339792475e-03
2.467500000000000000e+03,9.212908356447219518e-03
2.468000000000000000e+03,1.160179264856639816e-02
2.468500000000000000e+03,1.553108403667852709e-02
2.469000000000000000e+03,2.181115253790470720e-02
2.469100097656250000e+03,2.230306569793862048e-02
2.469200195312500000e+03,2.479867154710578211e-02
2.469300292968750000e+03,2.610944098216485751e-02
2.469400146484375000e+03,2.688395730779770051e-02
2.469500244140625000e+03,2.743174908272110607e-02
2.469600097656250000e+03,2.979779632632982220e-02
2.469700195312500000e+03,3.241818544491184562e-02
2.469800048828125000e+03,3.287439617768363881e-02
2.469899902343750000e+03,3.470713823643856860e-02
2.470000244140625000e+03,3.848343928635566263e-02
2.470100341796875000e+03,4.129671908537467517e-02
2.470200195312500000e+03,4.292735104676290159e-02
2.470300292968750000e+03,4.580581173083200092e-02
2.470400146484375000e+03,4.827665990605690266e-02
2.470500244140625000e+03,5.198691013207087236e-02
2.470600097656250000e+03,5.529985454867675926e-02
2.470700195312500000e+03,6.086666011684796485e-02
2.470800292968750000e+03,6.744708074560595845e-02
2.470900146484375000e+03,7.106116183183182333e-02
2.471000244140625000e+03,7.853417369011189697e-02
2.471100097656250000e+03,8.640362453713272550e-02
2.471200195312500000e+03,9.295027222887140839e-02
2.471300292968750000e+03,1.029925022757437192e-01
2.471400146484375000e+03,1.142736753615771622e-01
2.471500244140625000e+03,1.258932326852366390e-01
2.471600341796875000e+03,1.388250476042322268e-01
2.471700195312500000e+03,1.551978139708871385e-01
2.471800292968750000e+03,1.734270070341264458e-01
2.471900146484375000e+03,1.981577608493688136e-01
2.472000244140625000e+03,2.235712752467749476e-01
2.472100097656250000e+03,2.562853520001660002e-01
2.472200195312500000e+03,2.972476507720817618e-01
2.472300292968750000e+03,3.510661646744235864e-01
2.472400146484375000e+03,4.187401137219090574e-01
2.472500244140625000e+03,5.106756381455856975e-01
2.472600097656250000e+03,6.342702847697588853e-01
2.472700195312500000e+03,8.026446917573308859e-01
2.472800292968750000e+03,1.031169079727597415e+00
2.472900146484375000e+03,1.316555638401420536e+00
2.473000244140625000e+03,1.644661661894786908e+00
2.473100097656250000e+03,1.978813417045289347e+00
2.473200195312500000e+03,2.273706759992903503e+00
2.473300292968750000e+03,2.509635956460521289e+00
2.473400146484375000e+03,2.706281662245166864e+00
2.473500244140625000e+03,2.900961048942312548e+00
2.473600097656250000e+03,3.142359726068392423e+00
2.473700195312500000e+03,3.452820211729316746e+00
2.473800048828125000e+03,3.816920303303633411e+00
2.473900146484375000e+03,4.175041825824529873e+00
2.474000244140625000e+03,4.465346164798985384e+00
2.474100097656250000e+03,4.614438721398959942e+00
2.474200195312500000e+03,4.591604494180497653e+00
2.474300292968750000e+03,4.393657198047978163e+00
2.474400146484375000e+03,4.054679254541468048e+00
2.474500244140625000e+03,3.633259068129982339e+00
2.474600341796875000e+03,3.178881690344070421e+00
2.474700195312500000e+03,2.747296791656447912e+00
2.474800292968750000e+03,2.368179261626347287e+00
2.474900146484375000e+03,2.061012400790037447e+00
2.475000244140625000e+03,1.829952534820856513e+00
2.475100097656250000e+03,1.668965476620876132e+00
2.475200195312500000e+03,1.558888666756419239e+00
2.475300292968750000e+03,1.487481381412468995e+00
2.475400146484375000e+03,1.435545882867462542e+00
2.475500244140625000e+03,1.393370447539856727e+00
2.475600341796875000e+03,1.355124870341617660e+00
2.475700195312500000e+03,1.313496252590389712e+00
2.475800292968750000e+03,1.278672004992138511e+00
2.475900146484375000e+03,1.246251448162430275e+00
2.476000244140625000e+03,1.224325488180216137e+00
2.476100097656250000e+03,1.211052190202860146e+00
2.476200195312500000e+03,1.206456636908168845e+00
2.476300292968750000e+03,1.206466667446523200e+00
2.476400146484375000e+03,1.214813510946054720e+00
2.476500244140625000e+03,1.221992101911911099e+00
2.476600097656250000e+03,1.231576376432619968e+00
2.476700195312500000e+03,1.240909362349308598e+00
2.476800048828125000e+03,1.252653476526624621e+00
2.476900146484375000e+03,1.261010664612357557e+00
2.477000244140625000e+03,1.269109149643177448e+00
2.477100097656250000e+03,1.277725442174962645e+00
2.477200195312500000e+03,1.282443094681877671e+00
2.477300292968750000e+03,1.291769244239754588e+00
2.477400146484375000e+03,1.298747528410418406e+00
2.477500244140625000e+03,1.303656218027394287e+00
2.477600097656250000e+03,1.308307045963856385e+00
2.477700195312500000e+03,1.313753134464834327e+00
2.477800292968750000e+03,1.317784009178769589e+00
2.477900146484375000e+03,1.319664669592732098e+00
2.478000244140625000e+03,1.320836950542823685e+00
2.478100097656250000e+03,1.320988226650634090e+00
2.478200195312500000e+03,1.319063371346427260e+00
2.478300292968750000e+03,1.319314673143842986e+00
2.478400146484375000e+03,1.318235633178260757e+00
2.478500244140625000e+03,1.315978600053209657e+00
2.478600341796875000e+03,1.316994755148333862e+00
2.478700195312500000e+03,1.318334496201450268e+00
2.478800292968750000e+03,1.319094994543005273e+00
2.478900146484375000e+03,1.323123096782152341e+00
2.479000244140625000e+03,1.326530999462863347e+00
2.479100097656250000e+03,1.333268584769721876e+00
2.479200195312500000e+03,1.338597957407293260e+00
2.479300048828125000e+03,1.348263653199932133e+00
2.479400146484375000e+03,1.356380300639982828e+00
2.479500244140625000e+03,1.363972058311420321e+00
2.479600097656250000e+03,1.376848784538013293e+00
2.479700195312500000e+03,1.385273298830346889e+00
2.479800292968750000e+03,1.395688593896354135e+00
2.479900146484375000e+03,1.404449705433586715e+00
2.480000244140625000e+03,1.414697316851457165e+00
2.480100097656250000e+03,1.420465838009058901e+00
2.480200195312500000e+03,1.427762182460244444e+00
2.480300292968750000e+03,1.436852369885007752e+00
2.480400146484375000e+03,1.440067846055901768e+00
2.480500244140625000e+03,1.446629711929092288e+00
2.480600097656250000e+03,1.450616187829017800e+00
2.480700195312500000e+03,1.453978438047892396e+00
2.480800292968750000e+03,1.458389563099932174e+00
2.480900146484375000e+03,1.458105814381302157e+00
2.481000244140625000e+03,1.459446225334090519e+00
2.481100097656250000e+03,1.461134324979993515e+00
2.481200195312500000e+03,1.458468617696437652e+00
2.481300292968750000e+03,1.458665621733866713e+00
2.481400146484375000e+03,1.454911027631128562e+00
2.481500244140625000e+03,1.452971901568853363e+00
2.481600341796875000e+03,1.447146308043982810e+00
2.481700195312500000e+03,1.443175404849045274e+00
2.481800292968750000e+03,1.439483431666489288e+00
2.481900146484375000e+03,1.434511347804415582e+00
2.482000244140625000e+03,1.430610226038441679e+00
2.482100341796875000e+03,1.427650988943808485e+00
2.482200195312500000e+03,1.423106084442629315e+00
2.482300292968750000e+03,1.420692450584851274e+00
2.482400146484375000e+03,1.416936773459161136e+00
2.482500244140625000e+03,1.414211650909864781e+00
2.482600097656250000e+03,1.410684696351215850e+00
2.482700195312500000e+03,1.404599499071019109e+00
2.482800292968750000e+03,1.402442406215117288e+00
2.482900146484375000e+03,1.397811039444091241e+00
2.483000244140625000e+03,1.391694368390695491e+00
2.483100341796875000e+03,1.383375359380328407e+00
2.483200195312500000e+03,1.376401324868475218e+00
2.483300048828125000e+03,1.368035564258879955e+00
2.483400146484375000e+03,1.357007412654085643e+00
2.483500244140625000e+03,1.348783584958785253e+00
2.483600341796875000e+03,1.341003573653712255e+00
2.483700195312500000e+03,1.330645536174986931e+00
2.483800292968750000e+03,1.320274955856792110e+00
2.483900146484375000e+03,1.312433238534113755e+00
2.484000244140625000e+03,1.305532920513336581e+00
2.484100341796875000e+03,1.297727913202126437e+00
2.484200195312500000e+03,1.290184799621261647e+00
2.484300292968750000e+03,1.284971664331955310e+00
2.484400146484375000e+03,1.279008570488157304e+00
2.484500244140625000e+03,1.274507570730099015e+00
2.484600341796875000e+03,1.271036337644780190e+00
2.484700195312500000e+03,1.266571511295705887e+00
2.484800048828125000e+03,1.264902344736897444e+00
2.484900146484375000e+03,1.262502861563620904e+00
2.485000244140625000e+03,1.262084704161164250e+00
2.485100341796875000e+03,1.261535091052283786e+00
2.485200195312500000e+03,1.259332242993879802e+00
2.485300292968750000e+03,1.260516842739873411e+00
2.485400146484375000e+03,1.257987342381122531e+00
2.485500244140625000e+03,1.260953033805634949e+00
2.485600097656250000e+03,1.261514319222225788e+00
2.485700195312500000e+03,1.262736695424341971e+00
2.485800048828125000e+03,1.264787734250539364e+00
2.485900146484375000e+03,1.268987470770458925e+00
2.486000244140625000e+03,1.269357057988861115e+00
2.486547119140625000e+03,1.285127164773387731e+00
2.487106201171875000e+03,1.299018331113376723e+00
2.487677734375000000e+03,1.306028569073086398e+00
2.488261474609375000e+03,1.300801003901422614e+00
2.488857177734375000e+03,1.289098209555427532e+00
2.489465332031250000e+03,1.272525280385699453e+00
2.490085449218750000e+03,1.245252068454021810e+00
2.490717773437500000e+03,1.218682596832294518e+00
2.491362548828125000e+03,1.192919011504219418e+00
2.492019287109375000e+03,1.168443948172127378e+00
2.492688232421875000e+03,1.138622911406139027e+00
2.493369384765625000e+03,1.112889875786421845e+00
2.494062988281250000e+03,1.088080882180248121e+00
2.494768554687500000e+03,1.063446199886531884e+00
2.495486328125000000e+03,1.041888254708824846e+00
2.496216308593750000e+03,1.024340030198549689e+00
2.496958496093750000e+03,1.009112627848576249e+00
2.497712646484375000e+03,9.989270120553342958e-01
2.498479248046875000e+03,9.941031440727480240e-01
2.499258056640625000e+03,9.915202880200265634e-01
2.500048828125000000e+03,9.905587099645150051e-01
2.500852050781250000e+03,9.926386077871636182e-01
2.501667236328125000e+03,9.906167070949518649e-01
2.502494873046875000e+03,9.926224940194491309e-01
2.503334472656250000e+03,9.908811164629052204e-01
2.504186523437500000e+03,9.893254041611740934e-01
2.505050537109375000e+03,9.891484951188668218e-01
2.505926757812500000e+03,9.887337992363406380e-01
2.506815185546875000e+03,9.890278586393879134e-01
2.507715820312500000e+03,9.894462996831023816e-01
2.508628662109375000e+03,9.900907393567266457e-01
2.509553710937500000e+03,9.921703918881975559e-01
2.510490966796875000e+03,9.949420322132985772e-01
2.511440429687500000e+03,9.976571341704089102e-01
2.512402099609375000e+03,1.000004063658331388e+00
2.513375976562500000e+03,1.003820456069954403e+00
2.514362060546875000e+03,1.002779941825010290e+00
2.515360107421875000e+03,1.003415205701878365e+00
2.516370605468750000e+03,1.003842807069780463e+00
2.517393310546875000e+03,1.002759242396460193e+00
2.518427978515625000e+03,1.002118810074178024e+00
2.519474853515625000e+03,1.000911697176380732e+00
2.520533935546875000e+03,1.000179348754226760e+00
2.521605468750000000e+03,1.000508885668695225e+00
2.522688964843750000e+03,1.000678381513308901e+00
2.523784667968750000e+03,9.992483870840483950e-01
2.524892578125000000e+03,9.993849969797210520e-01
