2.459999755859375000e+03,9.114924489600075919e-04
2.460500000000000000e+03,-1.723241782495126342e-03
2.461000000000000000e+03,-2.833650738539355163e-03
2.461500000000000000e+03,-1.099695225271655639e-03
2.462000000000000000e+03,-2.582376642090620199e-04
2.462500000000000000e+03,-8.171127965722450610e-04
2.463000000000000000e+03,-4.885197343851516247e-04
2.463500000000000000e+03,-4.225287738600800517e-04
2.464000000000000000e+03,1.000323887431887535e-03
2.464500000000000000e+03,1.634216529545045801e-03
2.465000000000000000e+03,5.008446298355346236e-03
2.465500000000000000e+03,5.756180592236236244e-03
2.466000000000000000e+03,7.092205531676065884e-03
2.466500000000000000e+03,9.205622204795630217e-03
2.467000000000000000e+03,1.068804497899315462e-02
2.467500000000000000e+03,1.255056876892191205e-02
2.468000000000000000e+03,1.614288915393860546e-02
2.468500000000000000e+03,2.060079401698889159e-02
2.469000000000000000e+03,2.681412229736261990e-02
2.469100097656250000e+03,3.011557623024692376e-02
2.469200195312500000e+03,3.122791698932120968e-02
2.469300292968750000e+03,3.397623793568876893e-02
2.469400146484375000e+03,3.699022568489122864e-02
2.469500244140625000e+03,4.192082138821200815e-02
2.469600097656250000e+03,4.444388372017019778e-02
2.469700195312500000e+03,4.537113099723612264e-02
2.469800048828125000e+03,4.932805650712302620e-02
2.469900146484375000e+03,5.330678286337218325e-02
2.470000244140625000e+03,5.361331138053327533e-02
2.470100341796875000e+03,5.557569840439470499e-02
2.470200195312500000e+03,5.740243297587807603e-02
2.470300292968750000e+03,6.256602627752418100e-02
2.470400146484375000e+03,6.227368898927228280e-02
2.470500244140625000e+03,6.502420674528447408e-02
2.470600097656250000e+03,6.934229817288668773e-02
2.470700195312500000e+03,7.266909147040052919e-02
2.470800292968750000e+03,7.697319405597317921e-02
2.470900146484375000e+03,7.773534796116070289e-02
2.471000244140625000e+03,8.478038448439084718e-02
2.471100097656250000e+03,9.064844681147810057e-02
2.471200195312500000e+03,9.863491269046945065e-02
2.471300292968750000e+03,1.054300767403179850e-01
2.471400146484375000e+03,1.187654064345726040e-01
2.471500244140625000e+03,1.294521678492637495e-01
2.471600341796875000e+03,1.408541509085864951e-01
2.471700195312500000e+03,1.600159180685057636e-01
2.471800292968750000e+03,1.777480961492053368e-01
2.471900146484375000e+03,1.977545962686775571e-01
2.472000244140625000e+03,2.275827250469965035e-01
2.472100097656250000e+03,2.551693224390539916e-01
2.472200195312500000e+03,2.917628211379221237e-01
2.472300292968750000e+03,3.319118988737831955e-01
2.472400146484375000e+03,3.780320034714528266e-01
2.472500244140625000e+03,4.331643720502160178e-01
2.472600097656250000e+03,5.003617173401192497e-01
2.472700195312500000e+03,5.802122291863669457e-01
2.472800292968750000e+03,6.767126158988382434e-01
2.472900146484375000e+03,7.956150709622404893e-01
2.473000244140625000e+03,9.399763814472642531e-01
2.473100097656250000e+03,1.113162455843522691e+00
2.473200195312500000e+03,1.317519415531300586e+00
2.473300292968750000e+03,1.543283665615184042e+00
2.473400146484375000e+03,1.787211798452269962e+00
2.473500244140625000e+03,2.040094147960101356e+00
2.473600097656250000e+03,2.315303869994230990e+00
2.473700195312500000e+03,2.632126458504824740e+00
2.473800048828125000e+03,3.004738483758772283e+00
2.473900146484375000e+03,3.421856113551859924e+00
2.474000244140625000e+03,3.848602004364213958e+00
2.474100097656250000e+03,4.208598207990651652e+00
2.474200195312500000e+03,4.448800548999719773e+00
2.474300292968750000e+03,4.514000888970152836e+00
2.474400146484375000e+03,4.409830288036590495e+00
2.474500244140625000e+03,4.156082118915273682e+00
2.474600341796875000e+03,3.816524182701984014e+00
2.474700195312500000e+03,3.455923941887277362e+00
2.474800292968750000e+03,3.109970695574451938e+00
2.474900146484375000e+03,2.825553026889330965e+00
2.475000244140625000e+03,2.612883814815897043e+00
2.475100097656250000e+03,2.459379663071145306e+00
2.475200195312500000e+03,2.346303120594714464e+00
2.475300292968750000e+03,2.245047975850783306e+00
2.475400146484375000e+03,2.141269659841718020e+00
2.475500244140625000e+03,2.020906007662904180e+00
2.475600341796875000e+03,1.883536714844264992e+00
2.475700195312500000e+03,1.740723495993627967e+00
2.475800292968750000e+03,1.602640514444537700e+00
2.475900146484375000e+03,1.479394516466369547e+00
2.476000244140625000e+03,1.377698003140479077e+00
2.476100097656250000e+03,1.304902727848986199e+00
2.476200195312500000e+03,1.252334033297021643e+00
2.476300292968750000e+03,1.222226114939019004e+00
2.476400146484375000e+03,1.206367198483322634e+00
2.476500244140625000e+03,1.199587751790976098e+00
2.476600097656250000e+03,1.199520164508582010e+00
2.476700195312500000e+03,1.196533157049772589e+00
2.476800048828125000e+03,1.194879539335073515e+00
2.476900146484375000e+03,1.194540177942773784e+00
2.477000244140625000e+03,1.186165596819330093e+00
2.477100097656250000e+03,1.178484538530310655e+00
2.477200195312500000e+03,1.169233083188034650e+00
2.477300292968750000e+03,1.157356894680604764e+00
2.477400146484375000e+03,1.146808482464916734e+00
2.477500244140625000e+03,1.136428606171952627e+00
2.477600097656250000e+03,1.128443900613335549e+00
2.477700195312500000e+03,1.122340982543285959e+00
2.477800292968750000e+03,1.120083629969047756e+00
2.477900146484375000e+03,1.119649404122440073e+00
2.478000244140625000e+03,1.121395911237577980e+00
2.478100097656250000e+03,1.124232390627122991e+00
2.478200195312500000e+03,1.126628229686314597e+00
2.478300292968750000e+03,1.129075255266102973e+00
2.478400146484375000e+03,1.129221451142703891e+00
2.478500244140625000e+03,1.129163980178297999e+00
2.478600341796875000e+03,1.131498540310871714e+00
2.478700195312500000e+03,1.130741338288557829e+00
2.478800292968750000e+03,1.129905285287482464e+00
2.478900146484375000e+03,1.126642317412216432e+00
2.479000244140625000e+03,1.125859090051603006e+00
2.479100097656250000e+03,1.126223216010850292e+00
2.479200195312500000e+03,1.124122585788806195e+00
2.479300048828125000e+03,1.124439022827367962e+00
2.479400146484375000e+03,1.125652225731601730e+00
2.479500244140625000e+03,1.125900726308214139e+00
2.479600097656250000e+03,1.127038684097411814e+00
2.479700195312500000e+03,1.127126560436872538e+00
2.479800292968750000e+03,1.129037629939233067e+00
2.479900146484375000e+03,1.129062592388994091e+00
2.480000244140625000e+03,1.131741784750971869e+00
2.480100097656250000e+03,1.130879842362700671e+00
2.480200195312500000e+03,1.128986139234763542e+00
2.480300292968750000e+03,1.127544783043007870e+00
2.480400146484375000e+03,1.128680725239838756e+00
2.480500244140625000e+03,1.128639389607104526e+00
2.480600341796875000e+03,1.129012809440873344e+00
2.480700195312500000e+03,1.128904055990684219e+00
2.480800292968750000e+03,1.130911260240212934e+00
2.480900146484375000e+03,1.130589101061219237e+00
2.481000244140625000e+03,1.133430114010375966e+00
2.481100097656250000e+03,1.135667398851161192e+00
2.481200195312500000e+03,1.140345590637284356e+00
2.481300292968750000e+03,1.146523199810833171e+00
2.481400146484375000e+03,1.152248446445962582e+00
2.481500244140625000e+03,1.161392717433057831e+00
2.481600097656250000e+03,1.166120627877254012e+00
2.481700195312500000e+03,1.176115480261344493e+00
2.481800292968750000e+03,1.184655503301446977e+00
2.481900146484375000e+03,1.193907543700356566e+00
2.482000244140625000e+03,1.202754119091925089e+00
2.482100341796875000e+03,1.214064098728133034e+00
2.482200195312500000e+03,1.225278916389907824e+00
2.482300292968750000e+03,1.232615932370000111e+00
2.482400146484375000e+03,1.242537684824421618e+00
2.482500244140625000e+03,1.251133393025392948e+00
2.482600097656250000e+03,1.260608129865596228e+00
2.482700195312500000e+03,1.265434356300902508e+00
2.482800292968750000e+03,1.271006365922130898e+00
2.482900146484375000e+03,1.272980563331330472e+00
2.483000244140625000e+03,1.275257160679535762e+00
2.483100341796875000e+03,1.277424520214369252e+00
2.483200195312500000e+03,1.274975838291551478e+00
2.483300048828125000e+03,1.275784010948709524e+00
2.483400146484375000e+03,1.274096566310683132e+00
2.483500244140625000e+03,1.272430910587440289e+00
2.483600097656250000e+03,1.272264764595580022e+00
2.483700195312500000e+03,1.267537405260181993e+00
2.483800292968750000e+03,1.268843523699885401e+00
2.483900146484375000e+03,1.267780837088101409e+00
2.484000244140625000e+03,1.268039998782173772e+00
2.484100341796875000e+03,1.269786139503137568e+00
2.484200195312500000e+03,1.274572154423855297e+00
2.484300292968750000e+03,1.276669980698686979e+00
2.484400146484375000e+03,1.282827875115940319e+00
2.484500244140625000e+03,1.287070447075730817e+00
2.484600341796875000e+03,1.292704488449981204e+00
2.484700195312500000e+03,1.297298306603223539e+00
2.484800048828125000e+03,1.303792859141582161e+00
2.484900146484375000e+03,1.314149268027402284e+00
2.485000244140625000e+03,1.323108112175032769e+00
2.485100341796875000e+03,1.326999352739720139e+00
2.485200195312500000e+03,1.334502091462518747e+00
2.485300292968750000e+03,1.342116975991066719e+00
2.485400146484375000e+03,1.349406153486092608e+00
2.485500244140625000e+03,1.357350843437173049e+00
2.485600097656250000e+03,1.365620786593171543e+00
2.485700195312500000e+03,1.371742513176636313e+00
2.485800048828125000e+03,1.380135367374055066e+00
2.485900146484375000e+03,1.386554440969546942e+00
2.486000244140625000e+03,1.391095491113208071e+00
2.486547119140625000e+03,1.411528800935495154e+00
2.487106201171875000e+03,1.413528454769284570e+00
2.487677734375000000e+03,1.388025938599859010e+00
2.488261474609375000e+03,1.352368892632644037e+00
2.488857177734375000e+03,1.309494217993803833e+00
2.489465332031250000e+03,1.266165422673400265e+00
2.490085449218750000e+03,1.220409413051170455e+00
2.490718017578125000e+03,1.175366127258182569e+00
2.491362548828125000e+03,1.132399147094959480e+00
2.492019287109375000e+03,1.092808176299476575e+00
2.492688232421875000e+03,1.059223645214963039e+00
2.493369384765625000e+03,1.032491053031253658e+00
2.494062988281250000e+03,1.008573302396797322e+00
2.494768554687500000e+03,9.935837254437475119e-01
2.495486328125000000e+03,9.809160875029452331e-01
2.496216308593750000e+03,9.729979029762020337e-01
2.496958496093750000e+03,9.679609746792272595e-01
2.497712646484375000e+03,9.626944875325735840e-01
2.498479248046875000e+03,9.573870865290774468e-01
2.499258056640625000e+03,9.524345533793555640e-01
2.500048828125000000e+03,9.509028193438952004e-01
2.500852050781250000e+03,9.470194919825860591e-01
2.501667236328125000e+03,9.425347848010883212e-01
2.502494873046875000e+03,9.405704900629310306e-01
2.503334472656250000e+03,9.378763619434549170e-01
2.504186523437500000e+03,9.352945643200190062e-01
2.505050537109375000e+03,9.342974562003913963e-01
2.505926757812500000e+03,9.350977942121607711e-01
2.506815185546875000e+03,9.412631100685990848e-01
2.507715820312500000e+03,9.436943183160775295e-01
2.508628662109375000e+03,9.519475089896285436e-01
2.509553710937500000e+03,9.588740930855068623e-01
2.510490966796875000e+03,9.687598925605626077e-01
2.511440429687500000e+03,9.766475562578099678e-01
2.512402099609375000e+03,9.844439744120865310e-01
2.513375976562500000e+03,9.900972632195972345e-01
2.514362060546875000e+03,9.892128448880718183e-01
2.515360107421875000e+03,9.926822385291288464e-01
2.516370605468750000e+03,9.947254517842046839e-01
2.517393066406250000e+03,9.934056536800368598e-01
2.518427978515625000e+03,9.952466772456185495e-01
2.519474853515625000e+03,9.956942248570241905e-01
2.520533935546875000e+03,9.965983098333627277e-01
2.521605468750000000e+03,1.000744857741795890e+00
2.522688964843750000e+03,1.001209801686046008e+00
2.523784667968750000e+03,1.001554268543738635e+00
2.524892578125000000e+03,9.998927621950566280e-01
