5.099984739999999874e+02,9.502115916669804513e-03
5.101018680000000245e+02,1.147728707409648857e-03
5.102024230000000102e+02,9.683324193705562105e-03
5.102969059999999786e+02,1.050444960090002149e-02
5.104013669999999934e+02,1.308578301185427638e-03
5.104974060000000122e+02,-3.605561062551565672e-03
5.106019900000000007e+02,3.621478474551559530e-03
5.107017819999999801e+02,1.002478260535400942e-02
5.108012699999999882e+02,7.083613949657275449e-03
5.108965759999999818e+02,-3.914689948349071207e-04
5.109985960000000205e+02,7.559733854499330573e-03
5.111017150000000129e+02,4.345565510584871276e-03
5.111992490000000089e+02,-6.757271442970272032e-03
5.113019409999999993e+02,1.025537797090961788e-03
5.113988650000000007e+02,-7.277462784586691789e-03
5.114978939999999739e+02,6.740223897016747387e-03
5.115996700000000033e+02,5.554700890191514341e-03
5.116954039999999964e+02,-4.969349917939846172e-03
5.117986450000000218e+02,8.378469053312019880e-04
5.119000849999999900e+02,-1.094662559381897726e-03
5.120031129999999848e+02,1.553942841647033748e-03
5.120944819999999709e+02,2.521405587372648784e-03
5.122008670000000166e+02,-4.754302866779616145e-03
5.122994999999999663e+02,6.998711010707588803e-03
5.123959350000000086e+02,-3.195651322825300220e-03
5.125015260000000126e+02,-4.133045025073279512e-03
5.125979610000000548e+02,3.662998776866229107e-03
5.126983639999999696e+02,8.672551333991888748e-04
5.127982789999999795e+02,8.896626382973804939e-03
5.128956299999999828e+02,5.554189047216470491e-03
5.130031739999999445e+02,2.424639791384759942e-03
5.131013789999999517e+02,-2.415575316315976984e-03
5.132028199999999742e+02,-2.332796802828727371e-03
5.132995610000000397e+02,-6.824134129128574082e-03
5.133997799999999643e+02,-3.523916721962973438e-04
5.135069580000000542e+02,-4.650536250726162307e-03
5.135986329999999498e+02,-6.644427376495292466e-04
5.137001950000000079e+02,4.970168608104586286e-03
5.138038330000000542e+02,-5.475334046188733497e-03
5.138990479999999934e+02,3.993625076227763464e-03
5.140037230000000363e+02,1.560366417230341302e-03
5.141015619999999444e+02,7.918044975785756834e-03
5.142005619999999908e+02,1.267809769027115549e-02
5.143001100000000179e+02,2.462459560903193859e-03
5.143997799999999643e+02,4.708215232699366690e-03
5.145027469999999994e+02,-4.400833968426624853e-04
5.146030269999999973e+02,7.237912992673675022e-04
5.146995239999999967e+02,2.770330496282092997e-04
5.147985840000000053e+02,1.332241023681471348e-03
5.149064939999999524e+02,1.262511965171872832e-04
5.150037230000000363e+02,9.324135255036928530e-04
5.151002200000000357e+02,-4.966516627875700897e-03
5.151978149999999914e+02,5.391899464532786714e-03
5.152993159999999762e+02,-4.684216447425957990e-03
5.154058230000000549e+02,3.915057961923680031e-03
5.154990840000000389e+02,9.902299587564562799e-03
5.156013789999999517e+02,8.179324160016250220e-03
5.156997069999999894e+02,-4.306986960653265005e-04
5.157956540000000132e+02,-4.655647980497176243e-03
5.158995969999999716e+02,4.730196526970559950e-03
5.160004269999999451e+02,9.165783282662832640e-03
5.161022950000000264e+02,-6.582631881200629205e-03
5.162011720000000423e+02,-4.624159467751663873e-03
5.163040160000000469e+02,-1.874214441598781545e-04
5.163987429999999677e+02,4.899500983637273405e-03
5.165007930000000442e+02,-5.191015793208445320e-03
5.165933230000000549e+02,-2.023015702285895206e-03
5.167029420000000073e+02,3.744121992766755950e-03
5.168041990000000396e+02,-1.134557830835518453e-03
5.169038699999999835e+02,-3.417523550061869753e-03
5.170000000000000000e+02,3.561615290204828664e-03
5.170978999999999814e+02,-4.913174103483770351e-03
5.172017210000000205e+02,-1.522696478464279080e-03
5.172965699999999742e+02,-3.459165567177181246e-03
5.174005740000000060e+02,-1.673323455338954257e-03
5.174975590000000238e+02,7.602400357883629459e-03
5.176044309999999768e+02,8.156943237903318406e-03
5.176938480000000027e+02,-4.502640686195942543e-03
5.177990109999999504e+02,5.933022822066524480e-04
5.179008790000000317e+02,-5.547826081244812586e-03
5.180039060000000291e+02,2.399686293288866550e-03
5.180978390000000218e+02,-1.402333224018623061e-03
5.181951289999999517e+02,-1.491203129072773709e-03
5.183000489999999445e+02,3.226988915432290380e-03
5.184016110000000026e+02,-7.151871802195187196e-04
5.185054930000000013e+02,2.099212384384673002e-03
5.186005249999999478e+02,-7.344530230338840822e-04
5.187023319999999558e+02,-8.592616758237497931e-03
5.188002930000000106e+02,-2.342516383563484576e-03
5.189013670000000502e+02,7.223760351729122684e-04
5.190006710000000112e+02,-9.632090444092960375e-04
5.191050420000000258e+02,-2.498182559553166222e-03
5.192005000000000337e+02,7.489719691547217645e-03
5.192985230000000456e+02,-7.927941356816207638e-04
5.193997799999999643e+02,1.014921477971078009e-04
5.194981080000000020e+02,-3.683905064516566148e-04
5.196005249999999478e+02,2.876613108705272735e-03
5.196994019999999637e+02,-1.332424924944798454e-04
5.198032230000000027e+02,-8.994899761902999669e-03
5.198989870000000337e+02,-7.683089402918772716e-03
5.199992680000000291e+02,-6.612532790667760823e-04
5.200999759999999696e+02,3.420694222662103330e-03
5.202006840000000238e+02,4.009819126377402003e-03
5.202997440000000324e+02,-3.164068091451053676e-03
5.203971559999999954e+02,-1.011967151632201766e-05
5.205001220000000330e+02,9.110170152207550446e-05
5.205994869999999537e+02,-3.311048319022374519e-03
5.206892699999999650e+02,-4.777208414712214891e-03
5.208003539999999703e+02,4.981570015162396781e-03
5.208932499999999663e+02,1.656438247618749818e-03
5.210056759999999940e+02,5.132287662064490170e-03
5.211021120000000337e+02,-8.591149056440943246e-03
5.211995849999999564e+02,3.019866794200824853e-03
5.212990720000000238e+02,-1.920528927420838599e-03
5.214000849999999900e+02,-9.178414276451069692e-03
5.214995730000000549e+02,-3.258928194629612252e-03
5.215990600000000086e+02,-9.463203387560602644e-04
5.217037350000000515e+02,-9.298326963990782151e-03
5.218004150000000436e+02,4.442504841238650685e-03
5.218998410000000376e+02,4.786278464734637639e-03
5.220031739999999445e+02,1.014492650861761490e-03
5.221029049999999643e+02,3.085969481637666420e-03
5.221976319999999987e+02,5.318691240745839453e-03
5.222948000000000093e+02,-7.314454415277441522e-03
5.224030760000000555e+02,5.459997458241442475e-03
5.224984130000000278e+02,-6.180936383267073616e-04
5.225986940000000232e+02,-3.129884999718258575e-03
5.226999510000000555e+02,1.234769534196673325e-02
5.227999270000000251e+02,-5.015287077262301592e-04
5.229020389999999452e+02,2.329542602789564775e-03
5.230039060000000291e+02,-5.446322091961422820e-03
5.230992430000000013e+02,5.844198367774149127e-04
5.232015989999999874e+02,-5.604126590116651797e-03
5.232993770000000495e+02,-8.148756577662563672e-03
5.234006960000000390e+02,3.821319116959121312e-03
5.235014650000000529e+02,-8.793968261224652250e-03
5.236017460000000483e+02,3.835480083524783063e-03
5.237000729999999749e+02,7.623366327183695411e-03
5.238002320000000509e+02,5.736095618120553088e-03
5.239036250000000337e+02,-7.862853713960589810e-03
5.239996340000000146e+02,-1.982778410513988399e-03
5.241033330000000205e+02,6.788055914291699078e-03
5.241994630000000370e+02,-2.628016798572151494e-03
5.242981569999999465e+02,9.396759050412359371e-03
5.243996580000000449e+02,-2.306626523474397065e-03
5.245040279999999484e+02,3.201116182664214427e-04
5.245995480000000271e+02,6.828824215075979427e-03
5.246973880000000463e+02,-4.294076487405381541e-04
5.248001100000000179e+02,-5.377167696586943914e-03
5.248994750000000522e+02,-1.284772673163373999e-03
5.249976809999999432e+02,7.052145313119474908e-03
5.250980829999999742e+02,4.052256425677917134e-03
5.252026980000000549e+02,3.289258035747228619e-04
5.252977909999999611e+02,-2.751157972403455235e-03
5.254002080000000205e+02,8.865738176613442365e-03
5.255010989999999538e+02,-1.249726682977017221e-03
5.256010129999999663e+02,8.313147023185177634e-03
5.257026980000000549e+02,1.689626356336030406e-03
5.258013919999999644e+02,-1.430036689748723396e-03
5.259015500000000429e+02,4.550736327396286834e-03
5.259999390000000403e+02,5.785724703269485951e-03
5.261006469999999808e+02,7.731180198594321366e-03
5.262002559999999676e+02,5.231128806708935583e-03
5.262997440000000324e+02,7.725522610465802333e-03
5.264028929999999491e+02,-2.739589403617400526e-03
5.265034789999999703e+02,1.630195965053162291e-02
5.266119999999999663e+02,6.669000856533015102e-03
5.266994019999999637e+02,2.684887164735598377e-03
5.268004150000000436e+02,-2.568443680439553775e-03
5.269001459999999497e+02,-8.039383300779219445e-04
5.270053100000000086e+02,4.786018587393376517e-03
5.271013179999999920e+02,5.753783752149807876e-03
5.272016599999999471e+02,1.082603695860657501e-02
5.273037110000000212e+02,8.922249558384737905e-03
5.274022220000000516e+02,6.114052864107120955e-03
5.275027469999999994e+02,1.131486921445595990e-02
5.276003419999999551e+02,9.576742662179445892e-03
5.276982420000000502e+02,-5.308838666317814044e-03
5.278024900000000343e+02,1.844631375431414824e-02
5.279019170000000258e+02,9.991842444050628644e-03
5.280007930000000442e+02,6.069717352265987728e-03
5.281014400000000251e+02,1.321334789680525534e-02
5.281978759999999511e+02,8.919621991364007352e-03
5.283020629999999755e+02,-2.883884091495437715e-03
5.284010620000000245e+02,6.297038134672715282e-03
5.284949339999999438e+02,1.449513135780714640e-02
5.286008910000000469e+02,1.150928986430719073e-02
5.287025149999999485e+02,1.686736073817965767e-02
5.288004760000000033e+02,1.889683492777501431e-02
5.289047849999999471e+02,1.450332901809515788e-02
5.289970090000000482e+02,1.686666845427535130e-02
5.291004030000000284e+02,1.115296628381320931e-02
5.292017819999999801e+02,1.033065293493385696e-02
5.293041990000000396e+02,2.866721055799976298e-02
5.294024050000000443e+02,1.186717650196725607e-02
5.295034789999999703e+02,3.505703138620780424e-02
5.295990600000000086e+02,4.077146343890782065e-02
5.296997679999999491e+02,4.425149366685191682e-02
5.298021240000000489e+02,6.129905928233671947e-02
5.298982539999999517e+02,6.581856241177135025e-02
5.300018310000000383e+02,8.329311561598276570e-02
5.301032709999999497e+02,6.926908048176753929e-02
5.302011109999999690e+02,8.120714797726028000e-02
5.302998659999999518e+02,9.084094367434208950e-02
5.304002689999999802e+02,9.583394939669617751e-02
5.305008540000000039e+02,7.821540415054813178e-02
5.306023559999999861e+02,9.438741781598834757e-02
5.307020260000000462e+02,8.848853953755989044e-02
5.307960819999999558e+02,9.732884984811825124e-02
5.309004519999999729e+02,8.030511509594073782e-02
5.309995119999999815e+02,7.828017978403523092e-02
5.311055910000000040e+02,9.281314521037418996e-02
5.312000729999999749e+02,1.058107778714758307e-01
5.312927859999999782e+02,9.167834648390602026e-02
5.314028929999999491e+02,8.797135619731853706e-02
5.314996949999999742e+02,8.557815854200963301e-02
5.315978999999999814e+02,7.893514764883176327e-02
5.317026980000000549e+02,9.176308757960800755e-02
5.317994999999999663e+02,8.837457742421403473e-02
5.318992309999999861e+02,9.041602531557180189e-02
5.319995730000000549e+02,7.485966370672612891e-02
5.321033330000000205e+02,8.962582716279107742e-02
5.321950679999999920e+02,8.347028833296600558e-02
5.322986449999999650e+02,8.675752040398894416e-02
5.323995969999999716e+02,9.521274953600510071e-02
5.325010989999999538e+02,8.743933830190958600e-02
5.326029660000000376e+02,8.364390204884615543e-02
5.327037960000000112e+02,8.638667733640366386e-02
5.327998049999999921e+02,1.009588870857870690e-01
5.328992919999999458e+02,1.030657752961761375e-01
5.330001220000000330e+02,1.126318888006838936e-01
5.330967409999999518e+02,1.178825682566282951e-01
5.332012939999999617e+02,1.381457676003068069e-01
5.333004150000000436e+02,1.414300747796030933e-01
5.333977049999999736e+02,1.820692972690478584e-01
5.335025630000000092e+02,2.202487700176652408e-01
5.336030269999999973e+02,2.233657538844776858e-01
5.337019649999999729e+02,2.758721001193562561e-01
5.338147579999999834e+02,3.359048484506131360e-01
5.339000240000000304e+02,3.434099667924218613e-01
5.339962160000000040e+02,3.721105540282189650e-01
5.340920409999999947e+02,4.272696733375144218e-01
5.342031250000000000e+02,4.500681400684681255e-01
5.342976069999999709e+02,5.020710223255508975e-01
5.344036250000000337e+02,5.724922901139332110e-01
5.345041499999999814e+02,7.085858230281659731e-01
5.346003419999999551e+02,8.558807527403173854e-01
5.346965330000000449e+02,1.012303823190391805e+00
5.347976680000000442e+02,1.239692843613207529e+00
5.348994750000000522e+02,1.386889637340485537e+00
5.350014650000000529e+02,1.560280643608162210e+00
5.351007690000000139e+02,1.692986841465054404e+00
5.352001950000000079e+02,1.800531473106197211e+00
5.352973019999999451e+02,1.909195841823919437e+00
5.354003300000000536e+02,2.003342952829462842e+00
5.355015260000000126e+02,2.047820730862409455e+00
5.356001589999999624e+02,2.096290463065134002e+00
5.357031250000000000e+02,2.043657452805334618e+00
5.358005369999999630e+02,2.075743216647970790e+00
5.358981929999999920e+02,2.138967110690420892e+00
5.359988399999999729e+02,2.127506993457563667e+00
5.361005860000000212e+02,2.169410099499621936e+00
5.361960450000000264e+02,2.228504174710317809e+00
5.363013919999999644e+02,2.252055864184243639e+00
5.363977660000000469e+02,2.355431193735476825e+00
5.364995119999999815e+02,2.386368487279801887e+00
5.366013179999999920e+02,2.458840465902461414e+00
5.367091060000000198e+02,2.479213356885368924e+00
5.368034669999999551e+02,2.564696659332482032e+00
5.369014280000000099e+02,2.577409003388175801e+00
5.370039669999999887e+02,2.588987854002550382e+00
5.370980829999999742e+02,2.622923017075931451e+00
5.372063600000000179e+02,2.721532302035858386e+00
5.373016969999999901e+02,2.707876349132436022e+00
5.373994139999999788e+02,2.639801565543337780e+00
5.374991459999999961e+02,2.735678609181916521e+00
5.375980220000000145e+02,2.717774185328809988e+00
5.376998899999999821e+02,2.686641537242469902e+00
5.378039549999999736e+02,2.707505738781414539e+00
5.378983150000000251e+02,2.702839276618760778e+00
5.379986569999999801e+02,2.662663207525176823e+00
5.381038210000000390e+02,2.677621945227294464e+00
5.381980589999999438e+02,2.700260523548370983e+00
5.383004760000000033e+02,2.674513047792539844e+00
5.384013670000000502e+02,2.652665105374491183e+00
5.385002439999999524e+02,2.682709698605439286e+00
5.386066280000000006e+02,2.607664270625169145e+00
5.386994019999999637e+02,2.597662254974537621e+00
5.388022459999999683e+02,2.606103223147005821e+00
5.388978879999999663e+02,2.515915102187592733e+00
5.389973139999999603e+02,2.539341683751326517e+00
5.390971680000000106e+02,2.479257438255768164e+00
5.391929930000000013e+02,2.437388604575585926e+00
5.393035280000000284e+02,2.424008195167691060e+00
5.393933110000000397e+02,2.403545192854213752e+00
5.394989620000000059e+02,2.351151765524333026e+00
5.396033939999999802e+02,2.300836287064671026e+00
5.397013550000000350e+02,2.271814235573765384e+00
5.397995610000000397e+02,2.214050492049938867e+00
5.399001459999999497e+02,2.192929183541175497e+00
5.400007930000000442e+02,2.128667986721328287e+00
5.401000980000000027e+02,2.056053004805911133e+00
5.401994630000000370e+02,2.091205234730567852e+00
5.403023070000000416e+02,2.056311825018447337e+00
5.403969120000000430e+02,2.002001454529732882e+00
5.405011600000000271e+02,2.008477797980127821e+00
5.406007080000000542e+02,1.976873971876798697e+00
5.407015380000000278e+02,1.929814193988721005e+00
5.407886959999999590e+02,1.905286909587256883e+00
5.408963009999999940e+02,1.877014684857809979e+00
5.409963989999999967e+02,1.863945374321732462e+00
5.411015009999999847e+02,1.843675491547090539e+00
5.412049560000000383e+02,1.795995454328216390e+00
5.412990720000000238e+02,1.811762679646081953e+00
5.414000849999999900e+02,1.801480602405857168e+00
5.414862669999999980e+02,1.763524113529558512e+00
5.416000980000000027e+02,1.748136711073993377e+00
5.416995239999999967e+02,1.748570394706337128e+00
5.418015139999999974e+02,1.749241872148119992e+00
5.419017939999999953e+02,1.711446194796865772e+00
5.420017699999999650e+02,1.712683283312922189e+00
5.420980220000000145e+02,1.726803079170103894e+00
5.421924440000000232e+02,1.667654821955998790e+00
5.423034669999999551e+02,1.688005514541412566e+00
5.423999629999999570e+02,1.671472772478159285e+00
5.424928589999999531e+02,1.628180694282695962e+00
5.425971070000000509e+02,1.672983605831271259e+00
5.427020260000000462e+02,1.620114808638371651e+00
5.427998049999999921e+02,1.645014081057921906e+00
5.429047849999999471e+02,1.616819899276978001e+00
5.430006100000000515e+02,1.581701437327875048e+00
5.431004639999999881e+02,1.549537544424379520e+00
5.432003170000000409e+02,1.548274754101643058e+00
5.432979129999999941e+02,1.574397347841042016e+00
5.434002080000000205e+02,1.550316327490212975e+00
5.435013430000000199e+02,1.526350988728946145e+00
5.436030879999999570e+02,1.510309698224934882e+00
5.436966549999999643e+02,1.478482966702867385e+00
5.437972409999999854e+02,1.511308243151712194e+00
5.439001459999999497e+02,1.483411313392918762e+00
5.440004880000000185e+02,1.433364254486313882e+00
5.440991209999999683e+02,1.456138140875950393e+00
5.441988529999999855e+02,1.465493137285948100e+00
5.443088989999999967e+02,1.406471352018424659e+00
5.443984990000000153e+02,1.393075292756174921e+00
5.445045169999999644e+02,1.401680580198148673e+00
5.445904540000000225e+02,1.381610972472804955e+00
5.446979370000000245e+02,1.372318363701032773e+00
5.448020629999999755e+02,1.367499175215714402e+00
5.449042359999999690e+02,1.343848118916295631e+00
5.450001220000000330e+02,1.319408813269695502e+00
5.451011959999999590e+02,1.355129011790858096e+00
5.451995849999999564e+02,1.300083540814674476e+00
5.453007199999999557e+02,1.287074903070959397e+00
5.453988040000000410e+02,1.276781107186269582e+00
5.455013430000000199e+02,1.325607199928230839e+00
5.455999150000000100e+02,1.271341740054642511e+00
5.457016599999999471e+02,1.262992654232000023e+00
5.457933960000000297e+02,1.284393610166800981e+00
5.459016110000000026e+02,1.282488617495507244e+00
5.460004880000000185e+02,1.238031515552203254e+00
5.460993650000000343e+02,1.256718396453673225e+00
5.462028199999999742e+02,1.264249455051671411e+00
5.463007810000000291e+02,1.248449876226616961e+00
5.463957520000000159e+02,1.277864301575311057e+00
5.464948729999999841e+02,1.276754793774629970e+00
5.465991820000000416e+02,1.258792350732300669e+00
5.467021479999999656e+02,1.274086607190399789e+00
5.468015749999999571e+02,1.253547146705512594e+00
5.468986210000000483e+02,1.245341142959662584e+00
5.470000000000000000e+02,1.217010184054637456e+00
5.471030879999999570e+02,1.232164589740420757e+00
5.472030029999999670e+02,1.218444960260527621e+00
5.472987669999999980e+02,1.234870422394098943e+00
5.474033200000000079e+02,1.232145528497673004e+00
5.475018919999999980e+02,1.218589225602450865e+00
5.476010740000000396e+02,1.210649065135547486e+00
5.477040409999999611e+02,1.218151771458206190e+00
5.477987669999999980e+02,1.247241915141001467e+00
5.479013670000000502e+02,1.193645096216980450e+00
5.480015869999999722e+02,1.227722277295341780e+00
5.481005249999999478e+02,1.174212197265961377e+00
5.482047730000000456e+02,1.182361820902055660e+00
5.483031620000000430e+02,1.184555587098461871e+00
5.483964839999999867e+02,1.190057407908272635e+00
5.484979250000000093e+02,1.190696591800988191e+00
5.486000980000000027e+02,1.160847904826859400e+00
5.487019649999999729e+02,1.187202558668891017e+00
5.488006589999999960e+02,1.150915287792862340e+00
5.489006960000000390e+02,1.152810209639095307e+00
5.490184329999999591e+02,1.178027820097857781e+00
5.491026610000000119e+02,1.120399413855648563e+00
5.492003170000000409e+02,1.142971512283803559e+00
5.493021850000000086e+02,1.154185813189714693e+00
5.494064329999999927e+02,1.129496206392200053e+00
5.495173949999999650e+02,1.163886760974725876e+00
5.495955810000000383e+02,1.115972704404250004e+00
5.497039790000000039e+02,1.107603361270745657e+00
5.497996829999999591e+02,1.130267126526540711e+00
5.499050899999999729e+02,1.141933258780670535e+00
5.500004880000000185e+02,1.122705641343849203e+00
5.501015619999999444e+02,1.141164976903991102e+00
5.502031250000000000e+02,1.131383035813688043e+00
5.503013310000000047e+02,1.146220085954964274e+00
5.504043580000000020e+02,1.113451634161223947e+00
5.505027469999999994e+02,1.130263563756569223e+00
5.506005249999999478e+02,1.107278304019226445e+00
5.507011720000000423e+02,1.113627076309493313e+00
5.508007199999999557e+02,1.115022289661399713e+00
5.508991089999999531e+02,1.082653612334105508e+00
5.509997560000000476e+02,1.122208831665825191e+00
5.511007080000000542e+02,1.089431662685347524e+00
5.512011720000000423e+02,1.109638320758629337e+00
5.513026730000000271e+02,1.094867369822283720e+00
5.514005130000000463e+02,1.103223968933052745e+00
5.514967040000000225e+02,1.091721413756072900e+00
5.515997919999999795e+02,1.097965213762250647e+00
5.517032470000000330e+02,1.127589477930815098e+00
5.517981569999999465e+02,1.098196271339886065e+00
5.518993530000000192e+02,1.091271023909939908e+00
5.520017090000000053e+02,1.109065416600520493e+00
5.521012570000000323e+02,1.083055822142012348e+00
5.521967160000000376e+02,1.111956631301938891e+00
5.522998659999999518e+02,1.104316863477338373e+00
5.524019170000000258e+02,1.095969970888575507e+00
5.524995730000000549e+02,1.095313991636428508e+00
5.525980829999999742e+02,1.109698831132577501e+00
5.527004389999999603e+02,1.110481515528120466e+00
5.527973019999999451e+02,1.110859309546514684e+00
5.529014889999999696e+02,1.101453993854818458e+00
5.530003050000000258e+02,1.138118152740019706e+00
5.530995480000000271e+02,1.123318842787031757e+00
5.531972050000000536e+02,1.119591313450711167e+00
5.533007810000000291e+02,1.121544854109384648e+00
5.533876340000000482e+02,1.135685584728682862e+00
5.535004269999999451e+02,1.142166789802035787e+00
5.535930180000000291e+02,1.093694767173496452e+00
5.536997069999999894e+02,1.127368647142093616e+00
5.538024900000000343e+02,1.110863046079321181e+00
5.538981929999999920e+02,1.126029702516096354e+00
5.540219120000000430e+02,1.123819810563006172e+00
5.540996089999999867e+02,1.144455722749697202e+00
5.542011109999999690e+02,1.148724098484842360e+00
5.543046259999999847e+02,1.122268031959436918e+00
5.543994750000000522e+02,1.126918373897452641e+00
5.545005489999999782e+02,1.141604113491846872e+00
5.546009520000000066e+02,1.142240345687417280e+00
5.546975099999999657e+02,1.172286866814580497e+00
5.547974239999999782e+02,1.165672786604856626e+00
5.548961180000000013e+02,1.128963529585383929e+00
5.550046999999999571e+02,1.167662848105776696e+00
5.550999759999999696e+02,1.155717384613157428e+00
5.551990970000000516e+02,1.151741599344405120e+00
5.553007199999999557e+02,1.126701495507507422e+00
5.554046630000000278e+02,1.149649361333251241e+00
5.555009159999999611e+02,1.167364247878732941e+00
5.556008299999999736e+02,1.151010328655108772e+00
5.556990359999999782e+02,1.144559163344856856e+00
5.557988279999999577e+02,1.151171664297734543e+00
5.559011229999999841e+02,1.169654945505799182e+00
5.559980470000000423e+02,1.153795510628331522e+00
5.561109010000000126e+02,1.153196651203375778e+00
5.561992800000000443e+02,1.174710253214801270e+00
5.563042599999999993e+02,1.155595003958715061e+00
5.563972780000000284e+02,1.156499934039520783e+00
5.564993899999999485e+02,1.162708796848651360e+00
5.566007690000000139e+02,1.169753737697303286e+00
5.566982420000000502e+02,1.140438878239793841e+00
5.568013919999999644e+02,1.137244652473951456e+00
5.569017939999999953e+02,1.170051946135495013e+00
5.570017090000000053e+02,1.147693516398991420e+00
5.571019900000000007e+02,1.137946462593802055e+00
5.572029420000000073e+02,1.129748110295315300e+00
5.571012570000000323e+02,1.178644688669115093e+00
5.573933719999999994e+02,1.151027965853789192e+00
5.575031739999999445e+02,1.173206400245758285e+00
5.575983280000000377e+02,1.154827443226113859e+00
5.577017210000000205e+02,1.175015833445444802e+00
5.578016360000000304e+02,1.150332074597242515e+00
5.578984380000000556e+02,1.181663256496969794e+00
5.580011600000000271e+02,1.152523012232177901e+00
5.581023559999999861e+02,1.148950499476311782e+00
5.582001340000000482e+02,1.167116989284032957e+00
5.582951659999999947e+02,1.178588397369189522e+00
5.584049069999999801e+02,1.160494714968043795e+00
5.584990229999999656e+02,1.140785355109305010e+00
5.585998540000000503e+02,1.180113415246997866e+00
5.587076419999999644e+02,1.160940771115714920e+00
5.588016360000000304e+02,1.164876604069435828e+00
5.589027710000000297e+02,1.172586255362454422e+00
5.590036010000000033e+02,1.158790831377623842e+00
5.591011959999999590e+02,1.152563581703740736e+00
5.592009279999999762e+02,1.175487530109571077e+00
5.593009640000000218e+02,1.173598924424169132e+00
5.594007569999999987e+02,1.173139667852056034e+00
5.594947509999999511e+02,1.176711577079650572e+00
5.596003419999999551e+02,1.170069225319520401e+00
5.597017210000000205e+02,1.138878280563202061e+00
5.598004150000000436e+02,1.169477717628212288e+00
5.598994139999999788e+02,1.168104730962118865e+00
5.600025020000000495e+02,1.178985347189519528e+00
5.601027830000000449e+02,1.173195148233417529e+00
5.602033689999999524e+02,1.131520429208933809e+00
5.602984619999999722e+02,1.158400390091613996e+00
5.604077150000000529e+02,1.138769764370124893e+00
5.605050660000000562e+02,1.173920109889407648e+00
5.605972289999999703e+02,1.146167830959955003e+00
5.607033689999999524e+02,1.160430874879144758e+00
5.608012700000000450e+02,1.138935052764392220e+00
5.608997190000000046e+02,1.185023271185613236e+00
5.609956049999999550e+02,1.149894488939242843e+00
5.610955810000000383e+02,1.173336093439008687e+00
5.612037350000000515e+02,1.149333808620381259e+00
5.612976069999999709e+02,1.173824645417052226e+00
5.614024050000000443e+02,1.153009245684673223e+00
5.615029299999999921e+02,1.175680455952057057e+00
5.616061399999999821e+02,1.126719060207007184e+00
5.616963500000000522e+02,1.156644589397048950e+00
5.618016969999999901e+02,1.135453242539286034e+00
5.619003910000000133e+02,1.165365217465663017e+00
5.620004880000000185e+02,1.151626602944632261e+00
5.620999759999999696e+02,1.146704248238868962e+00
5.621966549999999643e+02,1.172353036011883676e+00
5.623013919999999644e+02,1.170034629973954798e+00
5.624031370000000152e+02,1.124279272309758992e+00
5.625023190000000568e+02,1.135943381178863731e+00
5.626015619999999444e+02,1.117867612734936955e+00
5.626980589999999438e+02,1.139685107201471981e+00
5.628009029999999484e+02,1.132594850081384941e+00
5.629007569999999987e+02,1.133572005681334094e+00
5.630044560000000047e+02,1.142254063713509682e+00
5.630993650000000343e+02,1.160986226897916307e+00
5.631995239999999967e+02,1.121690940454195706e+00
5.632986449999999650e+02,1.134250455855682738e+00
5.634016110000000026e+02,1.146211984336142686e+00
5.635001220000000330e+02,1.113418636330073319e+00
5.636011349999999993e+02,1.129859634717090167e+00
5.637003780000000006e+02,1.125876935836221948e+00
5.637984010000000126e+02,1.103917653364936191e+00
5.639042970000000423e+02,1.093256301029796207e+00
5.639937129999999570e+02,1.102633142532861044e+00
5.640997310000000198e+02,1.120034820083400273e+00
5.641951900000000251e+02,1.098168306937245431e+00
5.643034059999999954e+02,1.108788697143217927e+00
5.643958740000000489e+02,1.129797768882512043e+00
5.644996340000000146e+02,1.090258368377616804e+00
5.645991209999999683e+02,1.098864171641244392e+00
5.647011109999999690e+02,1.110239548872447690e+00
5.648007199999999557e+02,1.110637200979707861e+00
5.649010620000000245e+02,1.080947260522292508e+00
5.649989010000000462e+02,1.093644770612982375e+00
5.651019290000000410e+02,1.075128802330052258e+00
5.652004389999999603e+02,1.108205716820166220e+00
5.652994999999999663e+02,1.104055319758562304e+00
5.654004519999999729e+02,1.084961482135168076e+00
5.655030520000000251e+02,1.075515963788755247e+00
5.655972900000000436e+02,1.065262241120061626e+00
5.657143549999999550e+02,1.101464751020069466e+00
5.657991940000000568e+02,1.093497929102363653e+00
5.658999629999999570e+02,1.082276122830235554e+00
5.660006710000000112e+02,1.049434319922224912e+00
5.661008910000000469e+02,1.071456167133106874e+00
5.661990970000000516e+02,1.070591079890141684e+00
5.663012079999999742e+02,1.035430720330958287e+00
5.664017330000000356e+02,1.087016953204388958e+00
5.665028690000000324e+02,1.081347795344334894e+00
5.665990600000000086e+02,1.088877064127266259e+00
5.666993410000000040e+02,1.073167103219795360e+00
5.667983400000000529e+02,1.068398290355526692e+00
5.669022220000000516e+02,1.047762227430962589e+00
5.669993289999999888e+02,1.046486288631113037e+00
5.671025389999999788e+02,1.050789991741788221e+00
5.671959839999999531e+02,1.059879032764119655e+00
5.672991329999999834e+02,1.070188135840749011e+00
5.673993530000000192e+02,1.081015038305581655e+00
5.675013430000000199e+02,1.038607841329769688e+00
5.676011349999999993e+02,1.071399132829347955e+00
5.677032470000000330e+02,1.041210524483768829e+00
5.678008419999999887e+02,1.010996242049134297e+00
5.679032590000000482e+02,1.045329139340571922e+00
5.679999390000000403e+02,1.035705171023526772e+00
5.680991209999999683e+02,1.058975622214142431e+00
5.681997069999999894e+02,1.052375048993461348e+00
5.682996219999999994e+02,1.053643693863056230e+00
5.683989259999999604e+02,1.016710151851734523e+00
5.685017699999999650e+02,1.025109116016031718e+00
5.685964969999999994e+02,1.031179655970025255e+00
5.687016599999999471e+02,1.042505823194884274e+00
5.687975460000000112e+02,1.049853121058034855e+00
5.688995360000000119e+02,1.016374662231458226e+00
5.689993899999999485e+02,1.049694814933876286e+00
5.690996699999999464e+02,1.031430565583370873e+00
5.692019649999999729e+02,1.038380536401769527e+00
5.693044429999999920e+02,1.025822931766279256e+00
5.693973389999999881e+02,1.030699245447013190e+00
5.694997560000000476e+02,1.038368745414254946e+00
5.695992430000000013e+02,1.018753686858280050e+00
5.697002559999999676e+02,1.037437894954264861e+00
5.698010249999999814e+02,1.017411610970206937e+00
5.699042359999999690e+02,1.036101788400220380e+00
5.699995119999999815e+02,1.037250722697956151e+00
5.700993650000000343e+02,1.053722148302763006e+00
5.701990359999999782e+02,1.031012918799648403e+00
5.702996829999999591e+02,1.023641019836748489e+00
5.704022220000000516e+02,1.033699315711418043e+00
5.704997560000000476e+02,1.036924492491219763e+00
5.706019290000000410e+02,1.043803708236457295e+00
5.707006840000000238e+02,9.957167283406965774e-01
5.707908939999999802e+02,1.019818597038213426e+00
5.709008790000000317e+02,1.007738962373690095e+00
5.710009770000000344e+02,1.016282284260447755e+00
5.711043089999999438e+02,1.033574449141400953e+00
5.712019649999999729e+02,1.010961454843186003e+00
5.713015749999999571e+02,1.014497470346652275e+00
5.714013670000000502e+02,1.034121958623377635e+00
5.714940189999999802e+02,1.004772709274635467e+00
5.715993650000000343e+02,1.034011064759227994e+00
5.717012939999999617e+02,1.003195734639029668e+00
5.718006589999999960e+02,1.000533382783151515e+00
5.718919069999999465e+02,1.018205969420252099e+00
5.720009770000000344e+02,1.017086969977217370e+00
5.721040040000000317e+02,1.024001759688923707e+00
5.721998899999999821e+02,1.015640910097464156e+00
5.723059080000000449e+02,1.001418288683112889e+00
5.724024050000000443e+02,1.003145409720138659e+00
5.724985960000000205e+02,1.025681085487661237e+00
5.725960079999999834e+02,9.988252649599038691e-01
5.726964719999999716e+02,1.001733816374456021e+00
5.728004150000000436e+02,1.008869947001744150e+00
5.728995969999999716e+02,1.020260737034719867e+00
5.729965819999999894e+02,9.999929505253074558e-01
5.730996089999999867e+02,1.016630333391970842e+00
5.732000120000000152e+02,1.003182534950884497e+00
5.732931519999999637e+02,1.036672340378054891e+00
5.733992919999999458e+02,1.015801728912851809e+00
5.735046389999999974e+02,9.915691614125635711e-01
5.736019290000000410e+02,1.008233913067603016e+00
5.737025149999999485e+02,9.973199874504361517e-01
5.738033450000000357e+02,9.998941662403395547e-01
5.739000240000000304e+02,1.011257908321901322e+00
5.740039669999999887e+02,1.016294859099641457e+00
5.740999759999999696e+02,9.979393427605216527e-01
5.741995849999999564e+02,1.016058030896458186e+00
5.742968750000000000e+02,1.008896088971320548e+00
5.743887939999999617e+02,9.991449682798043685e-01
5.744988399999999729e+02,1.025073614213662720e+00
5.745996699999999464e+02,9.867076227334006244e-01
5.746997679999999491e+02,1.016797578032679894e+00
5.747994999999999663e+02,1.007690597074985650e+00
5.749022220000000516e+02,1.008794248989073550e+00
5.749999390000000403e+02,1.021583411069710401e+00
5.750976560000000291e+02,9.889831974756424504e-01
5.752029420000000073e+02,9.716261033944177949e-01
5.753004150000000436e+02,1.031907417859739384e+00
5.753982539999999517e+02,9.745070362380784390e-01
5.755005489999999782e+02,9.901788709065845184e-01
5.755988770000000159e+02,9.894748227748795255e-01
5.757002559999999676e+02,9.809624823033797902e-01
5.758029790000000503e+02,9.698284303199282697e-01
5.759008179999999584e+02,9.854411634375893625e-01
5.759992069999999558e+02,9.733985293009929096e-01
5.760964360000000397e+02,9.762421989759487717e-01
5.762022090000000389e+02,9.886791643209569269e-01
5.763020629999999755e+02,1.010554346183208940e+00
5.763982539999999517e+02,9.746063523335116718e-01
5.765009159999999611e+02,9.927165025952028321e-01
5.766015619999999444e+02,9.787068864103892762e-01
5.767000120000000152e+02,9.883770800698591374e-01
5.768011470000000145e+02,9.793190596604341991e-01
5.768978270000000066e+02,9.906267503916894590e-01
5.770005489999999782e+02,1.025202422667680136e+00
5.771016849999999749e+02,1.010966808396584815e+00
5.771994630000000370e+02,9.977394394079724949e-01
5.773017579999999498e+02,9.803438106565665056e-01
5.774011839999999438e+02,9.696726325658037160e-01
5.774983519999999544e+02,9.886861942996750807e-01
5.775988770000000159e+02,9.585509069627973222e-01
5.776999510000000555e+02,9.720423167677574305e-01
5.778005980000000363e+02,1.003094583998207723e+00
5.778985599999999749e+02,9.808241926371632502e-01
5.780023800000000165e+02,9.943119859323146237e-01
5.781008299999999736e+02,9.761608126849030675e-01
5.781987299999999550e+02,9.947853050264638952e-01
5.782991940000000568e+02,9.883627102983442159e-01
5.784016719999999623e+02,9.866105793269865920e-01
5.784993899999999485e+02,9.881844795323773134e-01
5.786015009999999847e+02,9.805623478045180086e-01
5.787050169999999980e+02,9.907985739211274678e-01
5.787954710000000205e+02,9.799261972741599713e-01
5.789004519999999729e+02,9.808884138620289628e-01
5.790000609999999597e+02,9.684448809477825826e-01
5.790998540000000503e+02,9.998303811533671981e-01
5.792039790000000039e+02,9.944966167113422628e-01
5.792961430000000291e+02,9.871673545073905709e-01
5.793997799999999643e+02,9.695875938117992643e-01
5.794990229999999656e+02,9.692234982195232496e-01
5.795929569999999558e+02,9.750957139491198689e-01
5.796968379999999570e+02,9.679577786236306380e-01
5.797951050000000350e+02,9.941516954244586923e-01
5.798987429999999677e+02,9.717594326550020867e-01
5.800016480000000456e+02,9.932944502775978846e-01
